Product Name,Manufacturer Name,Pages
2025 tom simber Item Description Product Data - EF 230000-03 Product Data - Air Distribution 230000-01 Product Data - Split System,TOWN CENTER CONSTRUCTION Submittal Review Alternates,[1]
37MAHAQ18AA3 System,Unitary Small Carrier,[3]
45MAHAQ18XA3 Indoor Model,Carrier,[2]
99 Type ROTARY 18k mm 890 342 Model,Unitary Small Carrier,[3]
ASMAHAQ18XA3 System,Carrier,[2]
"Atlanta, GA, 30339 SUBJECT TO CHANGE WITHOUT NOTICE High Wall Heat Pump Ductless System Indoor Model",Carrier,[2]
Capacity Unit,Unitary Small Carrier,[3]
Indoor Unit,Carrier,[2]
Outdoor - Heat Pump Outdoor Model,Unitary Small Carrier,[3]
Outdoor Unit Heat Pump Ductless System Outdoor Model,Unitary Small Carrier,[3]
c Unit,Unitary Small Carrier,[3]
